Workbook

Sheet 版本信息
A1: 慧动手迭代1冲刺待办列表跟踪表 | B1: 慧动手迭代1冲刺待办列表跟踪表 | C1: 慧动手迭代1冲刺待办列表跟踪表 | D1: 慧动手迭代1冲刺待办列表跟踪表 | E1: 慧动手迭代1冲刺待办列表跟踪表 | F1: 慧动手迭代1冲刺待办列表跟踪表 | G1: 慧动手迭代1冲刺待办列表跟踪表 | H1: 慧动手迭代1冲刺待办列表跟踪表 | I1: 慧动手迭代1冲刺待办列表跟踪表 | J1: 慧动手迭代1冲刺待办列表跟踪表
A2: 项目：基于手势识别的工厂员工虚拟仿真培训平台 | 迭代周期：3天 | 文档版本：V1.0.0 | B2: 项目：基于手势识别的工厂员工虚拟仿真培训平台 | 迭代周期：3天 | 文档版本：V1.0.0 | C2: 项目：基于手势识别的工厂员工虚拟仿真培训平台 | 迭代周期：3天 | 文档版本：V1.0.0 | D2: 项目：基于手势识别的工厂员工虚拟仿真培训平台 | 迭代周期：3天 | 文档版本：V1.0.0 | E2: 项目：基于手势识别的工厂员工虚拟仿真培训平台 | 迭代周期：3天 | 文档版本：V1.0.0 | F2: 项目：基于手势识别的工厂员工虚拟仿真培训平台 | 迭代周期：3天 | 文档版本：V1.0.0 | G2: 项目：基于手势识别的工厂员工虚拟仿真培训平台 | 迭代周期：3天 | 文档版本：V1.0.0 | H2: 项目：基于手势识别的工厂员工虚拟仿真培训平台 | 迭代周期：3天 | 文档版本：V1.0.0 | I2: 项目：基于手势识别的工厂员工虚拟仿真培训平台 | 迭代周期：3天 | 文档版本：V1.0.0 | J2: 项目：基于手势识别的工厂员工虚拟仿真培训平台 | 迭代周期：3天 | 文档版本：V1.0.0
A4: 版本 | B4: 日期 | C4: 更新人员 | D4: 更新类型 | E4: 更新内容说明 | F4: 更新范围 | G4: 联动变更文档 | H4: 审核人员 | I4: 备注 | J4: 适用迭代
A5: V1.0.0 | B5: 46184 | C5: 申忠佩 | D5: 初始化 | E5: 创建慧动手迭代一冲刺待办列表、交付物清单与进度统计看板 | F5: 全工作簿 | G5: 迭代1冲刺计划会议纪要、用户故事文档、项目报告 | H5: 张云焯 | I5: 课堂提交版 | J5: 迭代一
A6: V1.0.1 | B6: 46185 | C6: 李昊璇 | D6: 预留 | E6: 根据每日站会和最终评审结果更新状态 | F6: 冲刺待办列表、交付物清单 | G6: 测试用例与问题清单 | H6: 陈俊福 | I6: 后续可维护 | J6: 迭代一
A7: V1.1.0 | B7: 46185 | C7: 张哲源 | D7: 预留 | E7: 迭代二开始前，冻结迭代一归档状态 | F7: 全部 | G7: 迭代一评审记录 | H7: 陈俊福 | I7: 归档版本 | J7: 迭代一
A10: 说明：本文件用于跟踪慧动手项目迭代一（基础手势实现与工厂场景搭建）的冲刺待办、交付物、状态统计与验收情况。 | B10: 说明：本文件用于跟踪慧动手项目迭代一（基础手势实现与工厂场景搭建）的冲刺待办、交付物、状态统计与验收情况。 | C10: 说明：本文件用于跟踪慧动手项目迭代一（基础手势实现与工厂场景搭建）的冲刺待办、交付物、状态统计与验收情况。 | D10: 说明：本文件用于跟踪慧动手项目迭代一（基础手势实现与工厂场景搭建）的冲刺待办、交付物、状态统计与验收情况。 | E10: 说明：本文件用于跟踪慧动手项目迭代一（基础手势实现与工厂场景搭建）的冲刺待办、交付物、状态统计与验收情况。 | F10: 说明：本文件用于跟踪慧动手项目迭代一（基础手势实现与工厂场景搭建）的冲刺待办、交付物、状态统计与验收情况。 | G10: 说明：本文件用于跟踪慧动手项目迭代一（基础手势实现与工厂场景搭建）的冲刺待办、交付物、状态统计与验收情况。 | H10: 说明：本文件用于跟踪慧动手项目迭代一（基础手势实现与工厂场景搭建）的冲刺待办、交付物、状态统计与验收情况。 | I10: 说明：本文件用于跟踪慧动手项目迭代一（基础手势实现与工厂场景搭建）的冲刺待办、交付物、状态统计与验收情况。 | J10: 说明：本文件用于跟踪慧动手项目迭代一（基础手势实现与工厂场景搭建）的冲刺待办、交付物、状态统计与验收情况。

Sheet 冲刺待办列表
A1: 迭代一冲刺待办列表 | B1: 迭代一冲刺待办列表 | C1: 迭代一冲刺待办列表 | D1: 迭代一冲刺待办列表 | E1: 迭代一冲刺待办列表 | F1: 迭代一冲刺待办列表 | G1: 迭代一冲刺待办列表 | H1: 迭代一冲刺待办列表 | I1: 迭代一冲刺待办列表 | J1: 迭代一冲刺待办列表 | K1: 迭代一冲刺待办列表 | L1: 迭代一冲刺待办列表 | M1: 迭代一冲刺待办列表 | N1: 迭代一冲刺待办列表 | O1: 迭代一冲刺待办列表 | P1: 迭代一冲刺待办列表 | Q1: 迭代一冲刺待办列表 | R1: 迭代一冲刺待办列表
A2: 目标：打通 Python 手势识别 - Unity 实时交互 - 工厂训练场景的可演示闭环 | B2: 目标：打通 Python 手势识别 - Unity 实时交互 - 工厂训练场景的可演示闭环 | C2: 目标：打通 Python 手势识别 - Unity 实时交互 - 工厂训练场景的可演示闭环 | D2: 目标：打通 Python 手势识别 - Unity 实时交互 - 工厂训练场景的可演示闭环 | E2: 目标：打通 Python 手势识别 - Unity 实时交互 - 工厂训练场景的可演示闭环 | F2: 目标：打通 Python 手势识别 - Unity 实时交互 - 工厂训练场景的可演示闭环 | G2: 目标：打通 Python 手势识别 - Unity 实时交互 - 工厂训练场景的可演示闭环 | H2: 目标：打通 Python 手势识别 - Unity 实时交互 - 工厂训练场景的可演示闭环 | I2: 目标：打通 Python 手势识别 - Unity 实时交互 - 工厂训练场景的可演示闭环 | J2: 目标：打通 Python 手势识别 - Unity 实时交互 - 工厂训练场景的可演示闭环 | K2: 目标：打通 Python 手势识别 - Unity 实时交互 - 工厂训练场景的可演示闭环 | L2: 目标：打通 Python 手势识别 - Unity 实时交互 - 工厂训练场景的可演示闭环 | M2: 目标：打通 Python 手势识别 - Unity 实时交互 - 工厂训练场景的可演示闭环 | N2: 目标：打通 Python 手势识别 - Unity 实时交互 - 工厂训练场景的可演示闭环 | O2: 目标：打通 Python 手势识别 - Unity 实时交互 - 工厂训练场景的可演示闭环 | P2: 目标：打通 Python 手势识别 - Unity 实时交互 - 工厂训练场景的可演示闭环 | Q2: 目标：打通 Python 手势识别 - Unity 实时交互 - 工厂训练场景的可演示闭环 | R2: 目标：打通 Python 手势识别 - Unity 实时交互 - 工厂训练场景的可演示闭环
A4: 待办项ID | B4: 待办项名称 | C4: 所属模块 | D4: 关联用户故事 | E4: 优先级 | F4: MoSCoW | G4: 故事点 | H4: 责任人 | I4: 协作人员 | J4: 计划完成时间 | K4: 实际完成时间 | L4: 当前状态 | M4: 完成度 | N4: 验收标准要点 | O4: 关联交付物ID | P4: 主要风险/依赖 | Q4: 备注 | R4: 是否纳入迭代一验收
A5: PB-GR-001 | B5: Python 摄像头采集与 MediaPipe 手部识别接入 | C5: 手势识别服务 | D5: US-GR-01 | E5: 高 | F5: Must | G5: 8 | H5: 夏思羿 | I5: 刘家伟 | J5: 46183 | K5: 46183 | L5: 验收通过 | M5: 1 | N5: 1. 可调用本机摄像头；2. 能输出 21 个手部关键点；3. 识别延迟满足演示要求；4. 异常时有提示信息 | O5: D-F-001;D-C-001 | P5: MediaPipe 模型依赖、摄像头权限 | Q5: 已完成基础链路，后续继续优化识别稳定性 | R5: 是
A6: PB-COM-002 | B6: Unity 与 Python WebSocket 手势数据通信 | C6: 通信与数据链路 | D6: US-SYS-01 | E6: 高 | F6: Must | G6: 8 | H6: 刘家伟 | I6: 夏思羿、申忠佩 | J6: 46183 | K6: 46183 | L6: 验收通过 | M6: 1 | N6: 1. Python 服务监听端口正常；2. Unity 可实时接收手部坐标；3. 包含捏合、点击、旋转等状态字段；4. 断连后可重新启动恢复 | O6: D-F-002;D-C-002 | P6: 端口占用、网络阻塞、字段不一致 | Q6: 已形成基础字段协议 | R6: 是
A7: PB-UV-003 | B7: Unity 虚拟手显示与坐标映射 | C7: Unity 交互基础 | D7: US-INT-01 | E7: 高 | F7: Must | G7: 6 | H7: 申忠佩 | I7: 汪佳佳 | J7: 46183 | K7: 46179 | L7: 待验收 | M7: 0.9 | N7: 1. 虚拟手能跟随真实手移动；2. 坐标映射方向正确；3. 有平滑处理；4. 手部位置不明显抖动 | O7: D-F-003;D-C-003 | P7: 摄像头画面方向、Unity 坐标系差异 | Q7: 基础效果可用，手形美观度继续优化 | R7: 是
A8: PB-INT-004 | B8: 抓取与释放基础交互 | C8: 基础手势操作 | D8: US-INT-02 | E8: 高 | F8: Must | G8: 8 | H8: 申忠佩 | I8: 夏思羿、汪佳佳 | J8: 46184 | K8: 46184 | L8: 验收通过 | M8: 0.95 | N8: 1. 捏合/握拳时可抓取物体；2. 松手后物体释放；3. 释放后支持自由落体；4. 不抓握时物体不应跟随移动 | O8: D-F-004;D-C-004 | P8: 误抓取、释放判定延迟、物体碰撞异常 | Q8: 已完成核心逻辑，保留阈值调试空间 | R8: 是
A9: PB-INT-005 | B9: 指尖点击与按钮触发逻辑 | C9: 基础手势操作 | D9: US-INT-03 | E9: 高 | F9: Must | G9: 6 | H9: 汪佳佳 | I9: 申忠佩 | J9: 46184 | K9: 46184 | L9: 待优化 | M9: 0.85 | N9: 1. 食指靠近按钮后出现反馈；2. 点击动作才触发按钮；3. 不能仅进入区域就触发；4. 支持冷却时间防连点 | O9: D-F-005;D-C-005 | P9: 点击判定过严或过宽导致误触 | Q9: 当前可用，仍需根据演示机摄像头调阈值 | R9: 是
A10: PB-INT-006 | B10: 旋转阀门基础操作 | C10: 工厂常用操作 | D10: US-OP-01 | E10: 高 | F10: Must | G10: 8 | H10: 汪佳佳 | I10: 夏思羿、申忠佩 | J10: 46184 | K10: 46185 | L10: 待优化 | M10: 0.8 | N10: 1. 手势靠近阀门出现引导线；2. 支持连续角度旋转；3. 旋转方向与手部轨迹一致；4. 灵敏度可调 | O10: D-F-006;D-C-006 | P10: 角度映射过敏或不灵敏、手部上移导致阀门位移 | Q10: 已实现 360 度旋转基础版本，灵敏度继续调参 | R10: 是
A11: PB-INT-007 | B11: 推拉开关基础操作 | C11: 工厂常用操作 | D11: US-OP-02 | E11: 中 | F11: Should | G11: 5 | H11: 申忠佩 | I11: 汪佳佳 | J11: 46184 | K11: 46185 | L11: 待验收 | M11: 0.9 | N11: 1. 支持手掌/指尖推拉；2. 开关状态切换明确；3. UI 显示当前状态；4. 与其他操作场景相互独立 | O11: D-F-007;D-C-007 | P11: 开关碰撞范围与手势方向判断 | Q11: 已从同学分支同步基础功能 | R11: 建议项
A12: PB-SC-008 | B12: 传送带分拣训练场景 | C12: 训练任务场景 | D12: US-SC-01 | E12: 高 | F12: Must | G12: 8 | H12: 张云焯 | I12: 申忠佩、汪佳佳 | J12: 46184 | K12: 46185 | L12: 验收通过 | M12: 0.95 | N12: 1. 随机刷新不同颜色物块；2. 物块可沿传送带移动；3. 可抓取分拣到对应箱体；4. 箱体显示累计数量 | O12: D-F-008;D-C-008 | P12: 物体碰撞、容量统计、引导线误显示 | Q12: 已完成无限循环分拣基础版本 | R12: 是
A13: PB-SC-009 | B13: 工厂训练大厅与工位布局搭建 | C13: 工厂大厅 | D13: US-SC-02 | E13: 高 | F13: Must | G13: 8 | H13: 张云焯 | I13: 汪佳佳 | J13: 46184 | K13: 46185 | L13: 待优化 | M13: 0.85 | N13: 1. 大厅具备工业场景氛围；2. 训练工位分布清晰；3. 支持自由移动；4. 场景空间不拥挤；5. UI 不遮挡核心画面 | O13: D-F-009;D-C-009 | P13: 场景拥挤、素材风格不统一、性能下降 | Q13: 已搭建大厅，仍需扩大空间并美化资源 | R13: 是
A14: PB-SC-010 | B14: 训练场景入口与切换机制 | C14: 场景流转 | D14: US-SC-03 | E14: 高 | F14: Must | G14: 6 | H14: 张云焯 | I14: 申忠佩 | J14: 46185 | K14: 46185 | L14: 验收通过 | M14: 1 | N14: 1. 可从大厅进入不同训练任务；2. 各训练任务互相独立；3. 支持返回大厅；4. 进入任务后加载对应交互逻辑 | O14: D-F-010;D-C-010 | P14: 场景未加入 Build Settings、任务 ID 不一致 | Q14: 已完成基础入口机制 | R14: 是
A15: PB-OP-06 | B15: 急停复位操作原型 | C15: 工厂常用操作 | D15: US-OP-03 | E15: 中 | F15: Should | G15: 4 | H15: 汪佳佳 | I15: 李昊璇 | J15: 46185 | L15: 联调中 | M15: 0.65 | N15: 1. 急停按钮有明显红色提示；2. 点击后进入停机状态；3. 复位后恢复运行；4. 状态变化可被记录 | O15: D-F-011;D-C-011 | P15: 点击误触、状态未同步到任务逻辑 | Q15: 已加入待办，作为迭代一扩展项 | R15: 建议项
A16: PB-OP-012 | B16: 滑块校准操作原型 | C16: 工厂常用操作 | D16: US-OP-04 | E16: 中 | F16: Should | G16: 4 | H16: 申忠佩 | I16: 汪佳佳 | J16: 46185 | L16: 联调中 | M16: 0.6 | N16: 1. 可拖动滑块到目标区间；2. 有目标刻度提示；3. 超出范围时有反馈；4. 支持重置 | O16: D-F-012;D-C-012 | P16: 拖拽判定和目标范围反馈不稳定 | Q16: 后续可用于仪表校准类训练 | R16: 建议项
A17: PB-OP-013 | B17: 档位选择操作原型 | C17: 工厂常用操作 | D17: US-OP-05 | E17: 中 | F17: Could | G17: 3 | H17: 汪佳佳 | I17: 申忠佩 | J17: 46185 | L17: 待开发 | M17: 0.3 | N17: 1. 支持多个档位；2. 当前档位高亮；3. 只有有效拨动才切换；4. 可用于设备模式选择训练 | O17: D-F-013;D-C-013 | P17: 档位碰撞区域设计不清晰 | Q17: 作为迭代一补充项，优先级低于核心动作 | R17: 建议项
A18: PB-OP-014 | B18: 螺栓拧紧操作原型 | C18: 工厂常用操作 | D18: US-OP-06 | E18: 中 | F18: Could | G18: 5 | H18: 夏思羿 | I18: 汪佳佳 | J18: 46185 | L18: 待优化 | M18: 0.5 | N18: 1. 支持旋转累计圈数；2. 有拧紧进度反馈；3. 达到目标圈数后判定完成；4. 支持错误方向提示 | O18: D-F-014;D-C-014 | P18: 旋转角度累计误差、手势识别抖动 | Q18: 已做初版，但真实感和稳定性仍需提高 | R18: 建议项
A19: PB-UI-015 | B19: 训练大厅 UI 菜单与提示优化 | C19: 界面与体验 | D19: US-UI-01 | E19: 中 | F19: Should | G19: 4 | H19: 汪佳佳 | I19: 李昊璇 | J19: 46185 | L19: 待优化 | M19: 0.7 | N19: 1. 右上角任务菜单可展开/收缩；2. 左上角与左下角冗余提示移除；3. 字体不镜像；4. 不遮挡操作画面 | O19: D-F-015 | P19: UI 遮挡、字号不统一、菜单状态混乱 | Q19: 已根据演示反馈调整部分 HUD | R19: 建议项
A20: PB-DATA-016 | B20: 训练数据结构与日志字段预留 | C20: 数据与记录 | D20: US-DATA-01 | E20: 中 | F20: Should | G20: 4 | H20: 何哲宇 | I20: 刘家伟 | J20: 46185 | L20: 联调中 | M20: 0.6 | N20: 1. 预留任务 ID、开始时间、完成时间、错误次数、操作用时等字段；2. 便于后续考核统计；3. 不影响当前演示性能 | O20: D-D-001;D-C-015 | P20: 字段设计过重导致本轮开发分散 | Q20: 本轮只做字段预留，不做完整报表 | R20: 建议项
A21: PB-DOC-017 | B21: 运行环境与启动说明整理 | C21: 过程文档 | D21: US-DOC-01 | E21: 高 | F21: Must | G21: 3 | H21: 刘家伟 | I21: 李昊璇 | J21: 46185 | K21: 46185 | L21: 验收通过 | M21: 1 | N21: 1. 写清 Python 运行命令；2. 写清 Unity 打开场景；3. 标注常见问题；4. 组员可按说明独立运行 | O21: D-D-002 | P21: 环境路径差异、依赖版本不一致 | Q21: 已形成基础运行流程 | R21: 是
A22: PB-TEST-018 | B22: 迭代一测试用例与问题清单 | C22: 测试与质量 | D22: US-QA-01 | E22: 高 | F22: Must | G22: 5 | H22: 李昊璇 | I22: 全体成员 | J22: 46185 | K22: 46185 | L22: 待验收 | M22: 0.9 | N22: 1. 覆盖识别、通信、抓取、点击、场景切换；2. 记录问题、严重程度、责任人；3. 支持迭代评审复盘 | O22: D-D-003 | P22: 测试记录滞后于开发进度 | Q22: 已整理主要测试场景，待最终演示后补充结果 | R22: 是
A23: PB-PM-019 | B23: 迭代一冲刺过程文档归档 | C23: 项目管理 | D23: US-PM-01 | E23: 中 | F23: Must | G23: 3 | H23: 李昊璇 | I23: 张云焯 | J23: 46185 | K23: 46185 | L23: 验收通过 | M23: 1 | N23: 1. 冲刺计划会议纪要完整；2. 待办跟踪表完整；3. 任务分工与交付物对应；4. 能支撑课堂检查 | O23: D-D-004 | P23: 文档和代码成果不一致 | Q23: 本表为归档材料之一 | R23: 是
A24: PB-RISK-020 | B24: 演示环境兼容性检查 | C24: 测试与质量 | D24: US-QA-02 | E24: 高 | F24: Must | G24: 3 | H24: 李昊璇 | I24: 刘家伟、夏思羿 | J24: 46185 | L24: 联调中 | M24: 0.75 | N24: 1. 检查摄像头可用；2. 检查 MediaPipe 模型路径；3. 检查 Unity 场景可进入；4. 准备异常时的备用演示方案 | O24: D-D-005 | P24: 现场设备缺少依赖或摄像头不可用 | Q24: 需在汇报电脑上再次验证 | R24: 是

Sheet 交付物清单
A1: 迭代一交付物清单 | B1: 迭代一交付物清单 | C1: 迭代一交付物清单 | D1: 迭代一交付物清单 | E1: 迭代一交付物清单 | F1: 迭代一交付物清单 | G1: 迭代一交付物清单 | H1: 迭代一交付物清单 | I1: 迭代一交付物清单 | J1: 迭代一交付物清单 | K1: 迭代一交付物清单 | L1: 迭代一交付物清单 | M1: 迭代一交付物清单
A2: 交付物与冲刺待办项一一关联，用于评审、验收与归档 | B2: 交付物与冲刺待办项一一关联，用于评审、验收与归档 | C2: 交付物与冲刺待办项一一关联，用于评审、验收与归档 | D2: 交付物与冲刺待办项一一关联，用于评审、验收与归档 | E2: 交付物与冲刺待办项一一关联，用于评审、验收与归档 | F2: 交付物与冲刺待办项一一关联，用于评审、验收与归档 | G2: 交付物与冲刺待办项一一关联，用于评审、验收与归档 | H2: 交付物与冲刺待办项一一关联，用于评审、验收与归档 | I2: 交付物与冲刺待办项一一关联，用于评审、验收与归档 | J2: 交付物与冲刺待办项一一关联，用于评审、验收与归档 | K2: 交付物与冲刺待办项一一关联，用于评审、验收与归档 | L2: 交付物与冲刺待办项一一关联，用于评审、验收与归档 | M2: 交付物与冲刺待办项一一关联，用于评审、验收与归档
A4: 交付物ID | B4: 交付物名称 | C4: 所属模块 | D4: 交付类型 | E4: 责任认领人 | F4: 核心验收标准 | G4: 计划交付时间 | H4: 实际交付时间 | I4: 交付状态 | J4: 更新记录 | K4: 关联待办项ID | L4: 关联用户故事ID | M4: 备注
A5: D-F-001 | B5: Python 手势识别服务（可运行） | C5: 手势识别服务 | D5: 功能交付物 | E5: 夏思羿 | F5: 摄像头可启动，MediaPipe 能输出手部关键点，控制台无阻塞报错 | G5: 46183 | H5: 46183 | I5: 验收通过 | J5: 6-10 16:00：完成基础识别链路并通过组内演示 | K5: PB-GR-001 | L5: US-GR-01
A6: D-F-002 | B6: WebSocket 手势数据通信通道 | C6: 通信与数据链路 | D6: 功能交付物 | E6: 刘家伟 | F6: Unity 能接收 Python 输出的手部坐标和动作状态，端口与字段说明清晰 | G6: 46183 | H6: 46183 | I6: 验收通过 | J6: 6-10 18:00：完成通信联调，字段协议同步给 Unity 组 | K6: PB-COM-002 | L6: US-SYS-01
A7: D-F-003 | B7: Unity 虚拟手显示与跟随效果 | C7: Unity 交互基础 | D7: 功能交付物 | E7: 申忠佩 | F7: 虚拟手跟随真实手移动，支持平滑处理，画面方向正确 | G7: 46184 | I7: 待验收 | J7: 6-11 12:00：完成基础显示，待最终验收 | K7: PB-UV-003 | L7: US-INT-01
A8: D-F-004 | B8: 抓取与释放训练 Demo | C8: 基础手势操作 | D8: 功能交付物 | E8: 申忠佩 | F8: 真实手势可抓取、移动、释放物体，释放后物体遵循物理效果 | G8: 46184 | H8: 46184 | I8: 验收通过 | J8: 6-11 17:00：完成抓取释放逻辑并修复未抓握跟随问题 | K8: PB-INT-004 | L8: US-INT-02
A9: D-F-005 | B9: 指尖点击按钮交互 Demo | C9: 基础手势操作 | D9: 功能交付物 | E9: 汪佳佳 | F9: 食指点击可触发按钮，靠近但未点击不会直接触发 | G9: 46184 | I9: 待优化 | J9: 6-11 20:00：完成初版点击逻辑，阈值待继续调试 | K9: PB-INT-005 | L9: US-INT-03
A10: D-F-006 | B10: 旋转阀门训练 Demo | C10: 工厂常用操作 | D10: 功能交付物 | E10: 汪佳佳 | F10: 支持阀门连续旋转和角度反馈，灵敏度可配置 | G10: 46185 | I10: 待优化 | J10: 6-12 10:00：完成 360 度旋转基础版本，保留调参项 | K10: PB-INT-006 | L10: US-OP-01
A11: D-F-007 | B11: 推拉开关训练 Demo | C11: 工厂常用操作 | D11: 功能交付物 | E11: 申忠佩 | F11: 可通过手势完成推拉开关动作，状态反馈明确 | G11: 46185 | I11: 待验收 | J11: 6-12 6:00：同步同学分支基础功能，待集成验收 | K11: PB-INT-007 | L11: US-OP-02
A12: D-F-008 | B12: 传送带分拣训练场景 | C12: 训练任务场景 | D12: 功能交付物 | E12: 张云焯 | F12: 随机刷新物块，传送带循环运行，分拣箱统计数量 | G12: 46185 | H12: 46185 | I12: 验收通过 | J12: 6-12 15:00：完成随机刷新、抓取分拣和数量显示 | K12: PB-SC-008 | L12: US-SC-01
A13: D-F-009 | B13: 工厂训练大厅与工位布局 | C13: 工厂大厅 | D13: 功能交付物 | E13: 张云焯 | F13: 大厅可自由移动，训练工位分布明确，具备工厂场景氛围 | G13: 46185 | I13: 待优化 | J13: 6-12 16:00：完成基础大厅，后续继续扩大空间和美化资源 | K13: PB-SC-009 | L13: US-SC-02
A14: D-F-010 | B14: 训练场景入口与切换机制 | C14: 场景流转 | D14: 功能交付物 | E14: 张云焯 | F14: 大厅可进入多个训练任务，任务之间互相独立并可返回 | G14: 46185 | H14: 46185 | I14: 验收通过 | J14: 6-12 17:00：完成训练入口与任务 ID 映射 | K14: PB-SC-010 | L14: US-SC-03
A15: D-F-06 | B15: 急停复位操作原型 | C15: 工厂常用操作 | D15: 功能交付物 | E15: 汪佳佳 | F15: 支持急停触发和复位恢复，状态变化可视化 | G15: 46185 | I15: 联调中 | J15: 6-12 17:30：初版完成，待与点击逻辑联调 | K15: PB-OP-06 | L15: US-OP-03
A16: D-F-012 | B16: 滑块校准操作原型 | C16: 工厂常用操作 | D16: 功能交付物 | E16: 申忠佩 | F16: 可拖动滑块至目标刻度，具备范围反馈 | G16: 46185 | I16: 联调中 | J16: 6-12 17:30：初版完成，待拖拽阈值优化 | K16: PB-OP-012 | L16: US-OP-04
A17: D-F-013 | B17: 档位选择操作原型 | C17: 工厂常用操作 | D17: 功能交付物 | E17: 汪佳佳 | F17: 支持多档位切换和当前档位高亮 | G17: 46185 | I17: 待开发 | J17: 6-12 18:00：作为补充功能列入后续优化 | K17: PB-OP-013 | L17: US-OP-05
A18: D-F-014 | B18: 螺栓拧紧操作原型 | C18: 工厂常用操作 | D18: 功能交付物 | E18: 夏思羿 | F18: 支持旋转累计、进度反馈和目标完成判定 | G18: 46185 | I18: 待优化 | J18: 6-12 18:00：初版完成，真实感仍需提高 | K18: PB-OP-014 | L18: US-OP-06
A19: D-F-015 | B19: 训练大厅 UI 菜单与提示优化 | C19: 界面与体验 | D19: 功能交付物 | E19: 汪佳佳 | F19: 右上角菜单可展开收缩，冗余提示移除，文字不镜像 | G19: 46185 | I19: 待优化 | J19: 6-12 18:30：完成部分 HUD 调整 | K19: PB-UI-015 | L19: US-UI-01
A20: D-C-001 | B20: Python 手势识别核心代码 | C20: 手势识别服务 | D20: 代码交付物 | E20: 夏思羿 | F20: 代码结构清晰，可通过命令启动，依赖说明完整 | G20: 46183 | H20: 46183 | I20: 验收通过 | J20: 6-10 18:00：提交 gesture-service 相关代码 | K20: PB-GR-001 | L20: US-GR-01
A21: D-C-002 | B21: Unity 交互脚本代码 | C21: Unity 交互基础 | D21: 代码交付物 | E21: 申忠佩 | F21: 包含虚拟手、抓取、点击、场景入口等核心脚本 | G21: 46185 | I21: 待验收 | J21: 6-12 18:00：脚本已整理，待统一代码审查 | K21: PB-UV-003;PB-INT-004;PB-INT-005;PB-SC-010 | L21: US-INT-01
A22: D-D-001 | B22: 训练数据字段设计说明 | C22: 数据与记录 | D22: 文档交付物 | E22: 何哲宇 | F22: 说明任务 ID、用时、错误次数、完成状态等字段 | G22: 46185 | I22: 联调中 | J22: 6-12 18:00：完成字段草案 | K22: PB-DATA-016 | L22: US-DATA-01
A23: D-D-002 | B23: 项目运行环境与启动说明 | C23: 过程文档 | D23: 文档交付物 | E23: 刘家伟 | F23: 包含 Python 服务启动、Unity 场景打开、常见问题处理 | G23: 46185 | H23: 46185 | I23: 验收通过 | J23: 6-12 19:00：完成运行指令整理 | K23: PB-DOC-017 | L23: US-DOC-01
A24: D-D-003 | B24: 迭代一测试用例与问题清单 | C24: 测试与质量 | D24: 文档交付物 | E24: 李昊璇 | F24: 覆盖识别、通信、交互、场景切换与演示环境 | G24: 46185 | I24: 待验收 | J24: 6-12 19:00：完成测试用例初稿 | K24: PB-TEST-018;PB-RISK-020 | L24: US-QA-01;US-QA-02
A25: D-D-004 | B25: 迭代一冲刺计划与待办跟踪文档 | C25: 项目管理 | D25: 文档交付物 | E25: 李昊璇 | F25: 会议纪要、待办列表、交付物清单内容一致，可用于课堂检查 | G25: 46185 | H25: 46185 | I25: 验收通过 | J25: 6-12 20:00：完成归档版 | K25: PB-PM-019 | L25: US-PM-01
A26: D-CF-001 | B26: 演示环境配置与备用方案 | C26: 测试与质量 | D26: 配置交付物 | E26: 刘家伟 | F26: 包含依赖版本、端口、摄像头配置与备用启动方案 | G26: 46185 | I26: 联调中 | J26: 6-12 20:00：待在汇报电脑复测 | K26: PB-RISK-020 | L26: US-QA-02

Sheet 进度统计看板
A1: 迭代一进度统计看板 | B1: 迭代一进度统计看板 | C1: 迭代一进度统计看板 | D1: 迭代一进度统计看板 | E1: 迭代一进度统计看板 | F1: 迭代一进度统计看板 | G1: 迭代一进度统计看板 | H1: 迭代一进度统计看板 | I1: 迭代一进度统计看板 | J1: 迭代一进度统计看板 | K1: 迭代一进度统计看板 | L1: 迭代一进度统计看板 | M1: 迭代一进度统计看板 | N1: 迭代一进度统计看板
A2: 自动汇总冲刺待办、故事点、交付物状态与模块进度，便于每日站会和迭代评审使用 | B2: 自动汇总冲刺待办、故事点、交付物状态与模块进度，便于每日站会和迭代评审使用 | C2: 自动汇总冲刺待办、故事点、交付物状态与模块进度，便于每日站会和迭代评审使用 | D2: 自动汇总冲刺待办、故事点、交付物状态与模块进度，便于每日站会和迭代评审使用 | E2: 自动汇总冲刺待办、故事点、交付物状态与模块进度，便于每日站会和迭代评审使用 | F2: 自动汇总冲刺待办、故事点、交付物状态与模块进度，便于每日站会和迭代评审使用 | G2: 自动汇总冲刺待办、故事点、交付物状态与模块进度，便于每日站会和迭代评审使用 | H2: 自动汇总冲刺待办、故事点、交付物状态与模块进度，便于每日站会和迭代评审使用 | I2: 自动汇总冲刺待办、故事点、交付物状态与模块进度，便于每日站会和迭代评审使用 | J2: 自动汇总冲刺待办、故事点、交付物状态与模块进度，便于每日站会和迭代评审使用 | K2: 自动汇总冲刺待办、故事点、交付物状态与模块进度，便于每日站会和迭代评审使用 | L2: 自动汇总冲刺待办、故事点、交付物状态与模块进度，便于每日站会和迭代评审使用 | M2: 自动汇总冲刺待办、故事点、交付物状态与模块进度，便于每日站会和迭代评审使用 | N2: 自动汇总冲刺待办、故事点、交付物状态与模块进度，便于每日站会和迭代评审使用
A4: 指标 | B4: 数值 | D4: 待办状态 | E4: 数量 | F4: 占比 | H4: 模块 | I4: 待办数 | J4: 平均完成度 | K4: 核心说明
A5: 待办项总数 | B5: =COUNTA(冲刺待办列表!$A$5:$A$24) -> 20 | D5: 验收通过 | E5: =COUNTIF(冲刺待办列表!$L$5:$L$24,D5) -> 7 | F5: =IF($E$12=0,0,E5/$E$12) -> 0.35 | H5: 手势识别服务 | I5: =COUNTIF(冲刺待办列表!$C$5:$C$24,H5) -> 1 | J5: =IF(I5=0,0,AVERAGEIF(冲刺待办列表!$C$5:$C$24,H5,冲刺待办列表!$M$5:$M$24)) -> 1 | K5: 摄像头采集与 MediaPipe 识别链路
A6: Must 项数量 | B6: =COUNTIF(冲刺待办列表!$F$5:$F$24,"Must") -> 13 | D6: 待验收 | E6: =COUNTIF(冲刺待办列表!$L$5:$L$24,D6) -> 3 | F6: =IF($E$12=0,0,E6/$E$12) -> 0.15 | H6: 通信与数据链路 | I6: =COUNTIF(冲刺待办列表!$C$5:$C$24,H6) -> 1 | J6: =IF(I6=0,0,AVERAGEIF(冲刺待办列表!$C$5:$C$24,H6,冲刺待办列表!$M$5:$M$24)) -> 1 | K6: WebSocket 数据传输与字段协议
A7: 验收通过待办 | B7: =COUNTIF(冲刺待办列表!$L$5:$L$24,"验收通过") -> 7 | D7: 待优化 | E7: =COUNTIF(冲刺待办列表!$L$5:$L$24,D7) -> 5 | F7: =IF($E$12=0,0,E7/$E$12) -> 0.25 | H7: Unity 交互基础 | I7: =COUNTIF(冲刺待办列表!$C$5:$C$24,H7) -> 1 | J7: =IF(I7=0,0,AVERAGEIF(冲刺待办列表!$C$5:$C$24,H7,冲刺待办列表!$M$5:$M$24)) -> 0.9 | K7: 虚拟手显示、坐标映射与交互基座
A8: 待优化/联调中 | B8: =COUNTIF(冲刺待办列表!$L$5:$L$24,"待优化")+COUNTIF(冲刺待办列表!$L$5:$L$24,"联调中") -> 9 | D8: 联调中 | E8: =COUNTIF(冲刺待办列表!$L$5:$L$24,D8) -> 4 | F8: =IF($E$12=0,0,E8/$E$12) -> 0.2 | H8: 基础手势操作 | I8: =COUNTIF(冲刺待办列表!$C$5:$C$24,H8) -> 2 | J8: =IF(I8=0,0,AVERAGEIF(冲刺待办列表!$C$5:$C$24,H8,冲刺待办列表!$M$5:$M$24)) -> 0.9 | K8: 抓取释放、指尖点击等通用操作
A9: 故事点总数 | B9: =SUM(冲刺待办列表!$G$5:$G$24) -> 109 | D9: 待开发 | E9: =COUNTIF(冲刺待办列表!$L$5:$L$24,D9) -> 1 | F9: =IF($E$12=0,0,E9/$E$12) -> 0.05 | H9: 工厂常用操作 | I9: =COUNTIF(冲刺待办列表!$C$5:$C$24,H9) -> 6 | J9: =IF(I9=0,0,AVERAGEIF(冲刺待办列表!$C$5:$C$24,H9,冲刺待办列表!$M$5:$M$24)) -> 0.625 | K9: 阀门、推拉、急停、滑块、档位、螺栓
A10: 已完成故事点 | B10: =SUMPRODUCT(冲刺待办列表!$G$5:$G$24,冲刺待办列表!$M$5:$M$24) -> 91.75 | D10: 开发中 | E10: =COUNTIF(冲刺待办列表!$L$5:$L$24,D10) -> 0 | F10: =IF($E$12=0,0,E10/$E$12) -> 0 | H10: 训练任务场景 | I10: =COUNTIF(冲刺待办列表!$C$5:$C$24,H10) -> 1 | J10: =IF(I10=0,0,AVERAGEIF(冲刺待办列表!$C$5:$C$24,H10,冲刺待办列表!$M$5:$M$24)) -> 0.95 | K10: 传送带分拣与任务化训练
A11: 待办完成率 | B11: =B7/B5 -> 0.35 | D11: 验收不通过 | E11: =COUNTIF(冲刺待办列表!$L$5:$L$24,D11) -> 0 | F11: =IF($E$12=0,0,E11/$E$12) -> 0 | H11: 工厂大厅 | I11: =COUNTIF(冲刺待办列表!$C$5:$C$24,H11) -> 1 | J11: =IF(I11=0,0,AVERAGEIF(冲刺待办列表!$C$5:$C$24,H11,冲刺待办列表!$M$5:$M$24)) -> 0.85 | K11: 自由移动、训练工位与空间布局
D12: 合计 | E12: =SUM(E5:E11) -> 20 | F12: =SUM(F5:F11) -> 1 | H12: 场景流转 | I12: =COUNTIF(冲刺待办列表!$C$5:$C$24,H12) -> 1 | J12: =IF(I12=0,0,AVERAGEIF(冲刺待办列表!$C$5:$C$24,H12,冲刺待办列表!$M$5:$M$24)) -> 1 | K12: 大厅进入任务与返回逻辑
H13: 测试与质量 | I13: =COUNTIF(冲刺待办列表!$C$5:$C$24,H13) -> 2 | J13: =IF(I13=0,0,AVERAGEIF(冲刺待办列表!$C$5:$C$24,H13,冲刺待办列表!$M$5:$M$24)) -> 0.825 | K13: 测试用例、演示环境与风险验证
A14: 迭代一关键结论 | B14: 迭代一关键结论 | C14: 迭代一关键结论 | D14: 迭代一关键结论
A15: 1 | B15: 本轮重点不是完整业务系统，而是打通真实手势输入、Unity 交互反馈和工厂场景演示闭环。 | C15: 本轮重点不是完整业务系统，而是打通真实手势输入、Unity 交互反馈和工厂场景演示闭环。 | D15: 本轮重点不是完整业务系统，而是打通真实手势输入、Unity 交互反馈和工厂场景演示闭环。
A16: 2 | B16: 抓取释放、点击按钮、阀门旋转、推拉开关、传送带分拣构成本轮核心基础能力。 | C16: 抓取释放、点击按钮、阀门旋转、推拉开关、传送带分拣构成本轮核心基础能力。 | D16: 抓取释放、点击按钮、阀门旋转、推拉开关、传送带分拣构成本轮核心基础能力。
A17: 3 | B17: 登录注册、完整考核评分、学习报告和课程管理暂不纳入迭代一强制验收范围。 | C17: 登录注册、完整考核评分、学习报告和课程管理暂不纳入迭代一强制验收范围。 | D17: 登录注册、完整考核评分、学习报告和课程管理暂不纳入迭代一强制验收范围。
A18: 4 | B18: 待优化项主要集中在交互阈值、阀门灵敏度、UI 遮挡和工厂大厅真实感。 | C18: 待优化项主要集中在交互阈值、阀门灵敏度、UI 遮挡和工厂大厅真实感。 | D18: 待优化项主要集中在交互阈值、阀门灵敏度、UI 遮挡和工厂大厅真实感。
A19: 5 | B19: 迭代二可在本轮基础上继续做训练流程串联、评分规则和数据统计。 | C19: 迭代二可在本轮基础上继续做训练流程串联、评分规则和数据统计。 | D19: 迭代二可在本轮基础上继续做训练流程串联、评分规则和数据统计。

Sheet 使用说明
A1: 冲刺待办列表填写与维护说明 | B1: 冲刺待办列表填写与维护说明 | C1: 冲刺待办列表填写与维护说明 | D1: 冲刺待办列表填写与维护说明 | E1: 冲刺待办列表填写与维护说明 | F1: 冲刺待办列表填写与维护说明
A2: 适用于慧动手项目迭代一过程跟踪、每日站会、迭代评审和文档归档 | B2: 适用于慧动手项目迭代一过程跟踪、每日站会、迭代评审和文档归档 | C2: 适用于慧动手项目迭代一过程跟踪、每日站会、迭代评审和文档归档 | D2: 适用于慧动手项目迭代一过程跟踪、每日站会、迭代评审和文档归档 | E2: 适用于慧动手项目迭代一过程跟踪、每日站会、迭代评审和文档归档 | F2: 适用于慧动手项目迭代一过程跟踪、每日站会、迭代评审和文档归档
A4: 类别 | B4: 字段/事项 | C4: 填写要求 | D4: 示例 | E4: 责任人 | F4: 注意事项
A5: 基础信息 | B5: 待办项ID | C5: 按 PB-模块-序号 编码，不可重复 | D5: PB-INT-004 | E5: Scrum Master | F5: 新增任务需同步交付物清单
A6: 基础信息 | B6: 所属模块 | C6: 使用项目统一模块名称 | D6: 基础手势操作 | E6: 任务负责人 | F6: 模块名影响统计看板
A7: 计划管理 | B7: 优先级 | C7: 高/中/低 | D7: 高 | E7: 产品负责人 | F7: 高优先级任务优先保证可演示
A8: 计划管理 | B8: MoSCoW | C8: Must/Should/Could/Won't | D8: Must | E8: 产品负责人 | F8: Must 项是迭代一验收重点
A9: 进度管理 | B9: 当前状态 | C9: 按状态流转更新 | D9: 联调中 | E9: 责任人 | F9: 不可长期停留在开发中不说明原因
A10: 进度管理 | B10: 完成度 | C10: 按 0%-100% 填写 | D10: 85% | E10: 责任人 | F10: 待优化项可高于 80%，但不能写 100%
A11: 验收管理 | B11: 验收标准要点 | C11: 写清可验证条件 | D11: 能抓取、移动、释放物体 | E11: 测试负责人 | F11: 避免只写“基本完成”
A12: 交付管理 | B12: 关联交付物ID | C12: 与交付物清单保持一致 | D12: D-F-004 | E12: 文档负责人 | F12: 任务完成但无交付物视为归档不完整
A13: 风险管理 | B13: 主要风险/依赖 | C13: 记录影响开发和演示的问题 | D13: 摄像头权限、阈值误触 | E13: 责任人 | F13: 每日站会需同步高风险项
... A20: 状态说明 | B20: 待开发 | C20: 本轮列入范围但优先级较低或未启动 | D20: 档位选择 | E20: 责任人 | F20: 必要时可转入迭代二
